<?xml version="1.0" encoding="UTF-8" standalone="no"?>
<cache xmlns="http://geode.apache.org/schema/cache" xmlns:xsi="http://www.w3.org/2001/XMLSchema-instance" copy-on-read="false" is-server="false" lock-lease="120" lock-timeout="60" search-timeout="300" version="1.0" xsi:schemaLocation="http://geode.apache.org/schema/cache http://geode.apache.org/schema/cache/cache-1.0.xsd">

<disk-store allow-force-compaction="true" max-oplog-size="50" name="pdx-disk-store">
    <disk-dirs>
      <disk-dir>/data/pdx</disk-dir>
    </disk-dirs>
  </disk-store>
<disk-store allow-force-compaction="true" max-oplog-size="200" name="person-disk-store">
    <disk-dirs>
      <disk-dir>/data/person</disk-dir>
    </disk-dirs>
  </disk-store>
<pdx disk-store-name="pdx-disk-store" persistent="true" read-serialized="true"/>
<region name="person">
    <region-attributes data-policy="partition" disk-store-name="person-disk-store" statistics-enabled="true">
      <entry-idle-time>
        <expiration-attributes action="destroy" timeout="60"/>
      </entry-idle-time>
      <partition-attributes redundant-copies="1"/>
      <eviction-attributes>
        <lru-heap-percentage action="overflow-to-disk"/>
      </eviction-attributes>
    </region-attributes>
  </region>
</cache>
